timestamp,open,high,low,close,volume
07/12/2016,0.166,0.1667,0.165,0.165,30000.0
07/15/2016,0.243,0.253,0.2289,0.24,97500.0
07/18/2016,0.237,0.237,0.237,0.237,635.0
07/20/2016,0.2732,0.2749,0.2712,0.2739,27500.0
07/21/2016,0.273,0.273,0.26899999999999996,0.26899999999999996,2750.0
07/25/2016,0.293,0.293,0.293,0.293,45000.0
07/28/2016,0.294,0.3207,0.294,0.3207,6000.0
07/29/2016,0.309,0.309,0.3,0.3,7090.0
08/02/2016,0.389,0.389,0.368,0.368,99457.0
08/03/2016,0.3535,0.387,0.3535,0.387,8910.0
08/04/2016,0.381,0.381,0.381,0.381,5400.0
08/05/2016,0.385,0.385,0.3814,0.3814,2052.0
08/08/2016,0.4198,0.4198,0.34700000000000003,0.34700000000000003,14803.0
08/09/2016,0.37799999999999995,0.37799999999999995,0.36700000000000005,0.36700000000000005,4000.0
08/15/2016,0.373,0.373,0.366,0.366,3000.0
08/16/2016,0.344,0.344,0.344,0.344,4500.0
08/18/2016,0.3476,0.3476,0.3476,0.3476,1000.0
08/19/2016,0.3437,0.3517,0.3397,0.3517,9650.0
08/23/2016,0.3659,0.3903,0.3659,0.3903,71267.0
08/24/2016,0.3511,0.3511,0.3511,0.3511,5000.0
08/26/2016,0.33,0.33,0.33,0.33,1470.0
08/29/2016,0.3357,0.3478,0.3198,0.3478,41698.0
08/30/2016,0.3552,0.358,0.3466,0.358,20699.0
08/31/2016,0.3593,0.3864,0.3485,0.3864,42500.0
09/01/2016,0.3799,0.3837,0.3761,0.3837,13100.0
09/02/2016,0.3825,0.3864,0.3825,0.3864,5000.0
09/06/2016,0.3894,0.395,0.386,0.38799999999999996,77998.0
09/07/2016,0.3839,0.39299999999999996,0.3839,0.39,21780.0
09/08/2016,0.3905,0.3905,0.3654,0.375,75995.0
09/09/2016,0.385,0.385,0.385,0.385,7000.0
09/12/2016,0.3833,0.41,0.3794,0.41,33909.0
09/13/2016,0.3901,0.3901,0.3901,0.3901,1000.0
09/14/2016,0.4055,0.4566,0.4055,0.4566,59000.0
09/15/2016,0.4748,0.506,0.4641,0.506,368299.0
09/16/2016,0.5839,0.6564,0.5836,0.6,65099.0
09/19/2016,0.6197,0.6313,0.5968,0.6,17166.0
09/20/2016,0.5988,0.6,0.5647,0.5708,37240.0
09/21/2016,0.586,0.59,0.586,0.586,4500.0
09/22/2016,0.6207,0.6229,0.6,0.607,14290.0
09/23/2016,0.6262,0.628,0.6095,0.6095,35435.0
09/26/2016,0.6046,0.619,0.6046,0.619,4170.0
09/27/2016,0.6,0.6,0.6,0.6,350.0
09/28/2016,0.603,0.6206,0.603,0.6197,15299.0
09/29/2016,0.6134,0.621,0.5981,0.5981,55163.0
09/30/2016,0.6533,0.7115,0.6533,0.6838,54125.0
10/03/2016,0.7114,0.7132,0.6801,0.7132,45238.0
10/04/2016,0.758,0.77,0.7458,0.748,57996.0
10/05/2016,0.764,0.9067,0.7637,0.9067,150907.0
10/06/2016,1.0301,1.0301,0.8190000000000001,0.838,143370.0
10/07/2016,0.8653,0.8928,0.7934,0.8628,40904.0
10/10/2016,0.84,0.84,0.84,0.84,1000.0
10/11/2016,0.9359,0.9772,0.9228,0.9535,63862.0
10/12/2016,0.9840000000000001,0.9840000000000001,0.9234,0.9473,5872.0
10/13/2016,0.9259999999999999,0.9268,0.8925,0.915,23412.0
10/14/2016,0.894,0.9155,0.894,0.9,14138.0
10/17/2016,0.8927,0.9237,0.8926,0.9118,14770.0
10/18/2016,0.9128,0.988,0.9128,0.9627,42240.0
10/19/2016,0.9494,0.9541,0.9118,0.9424,86915.0
10/20/2016,0.93,0.93,0.877,0.894,48209.0
10/21/2016,0.871,0.898,0.863,0.8875,9380.0
10/24/2016,0.89,0.914,0.89,0.909,47900.0
10/25/2016,0.9618,0.9618,0.894,0.8959999999999999,34766.0
10/26/2016,0.8836,0.9153,0.8773,0.899,42453.0
10/27/2016,0.9167,0.9433,0.9,0.9239,58472.0
10/28/2016,0.9208,0.93,0.9,0.9062,23636.0
10/31/2016,0.905,0.9079999999999999,0.8968,0.8968,43643.0
11/01/2016,0.919,0.919,0.89,0.9,14825.0
11/02/2016,0.8782,0.887,0.87,0.8759999999999999,44132.0
11/03/2016,0.865,0.865,0.7974,0.7974,77050.0
11/04/2016,0.7503,0.7809999999999999,0.6917,0.774,58352.0
11/07/2016,0.833,0.866,0.8273,0.848,243671.0
11/08/2016,0.872,0.872,0.8421,0.8531,52817.0
11/09/2016,0.823,0.8592,0.7977,0.8464,94715.0
11/10/2016,0.8640000000000001,0.8640000000000001,0.841,0.8478,21449.0
11/11/2016,0.87,0.8766,0.8447,0.8469,63155.0
11/14/2016,0.872,0.882,0.8234,0.8395,162052.0
11/15/2016,0.8227,1.1025,0.8227,1.0594,244510.0
11/16/2016,1.1735,1.422,0.8955,1.0082,178152.0
11/17/2016,1.107,1.2565,1.0903,1.0997,106228.0
11/18/2016,1.2121,1.35,1.2119,1.35,130277.0
11/21/2016,1.4204,1.5019999999999998,1.344,1.344,96796.0
11/22/2016,1.1991,1.1991,1.015,1.06,165443.0
11/23/2016,0.985,1.2122,0.985,1.2042,93977.0
11/25/2016,1.1967,1.2328,1.121,1.121,36100.0
11/28/2016,1.2032,1.2188,1.1518,1.2,23095.0
11/29/2016,1.2219,1.2294,1.1929,1.2009999999999998,36522.0
11/30/2016,1.1972,1.1972,1.1574,1.1806,14546.0
12/01/2016,1.252,1.3018,1.219,1.2502,42539.0
12/02/2016,1.2917,1.2986,1.2324,1.276,12349.0
12/05/2016,1.2830000000000001,1.2830000000000001,1.1883,1.2,24168.0
12/06/2016,1.1469,1.1469,1.0646,1.133,18541.0
12/07/2016,1.1326,1.2127,1.1326,1.1514,24627.0
12/08/2016,1.1431,1.1431,1.073,1.073,12451.0
12/09/2016,1.0886,1.1,1.0746,1.089,14761.0
12/12/2016,1.0862,1.092,1.0688,1.0916,27250.0
12/13/2016,1.2012,1.2012,1.1472,1.1778,11850.0
12/14/2016,1.2325,1.2325,1.1393,1.1393,90255.0
12/15/2016,1.1252,1.1540000000000001,1.11,1.1540000000000001,34174.0
12/16/2016,1.1694,1.1844,1.1343,1.179,10812.0
12/19/2016,1.1691,1.1691,1.085,1.085,16250.0
12/20/2016,1.077,1.0817,1.0070000000000001,1.0357,43500.0
12/21/2016,1.0543,1.07,1.0543,1.07,657.0
12/22/2016,1.03,1.0512,1.0190000000000001,1.0512,2950.0
12/23/2016,1.08,1.08,1.0087,1.0087,3500.0
12/27/2016,0.95,0.96,0.95,0.95,1900.0
12/28/2016,1.071,1.079,1.04,1.0671,27593.0
12/29/2016,1.0969,1.0974,1.0339,1.055,8541.0
12/30/2016,1.1,1.1028,1.0685,1.1028,7220.0
01/03/2017,1.1334,1.1543,1.1155,1.1543,84588.0
01/04/2017,1.1754,1.2104,1.1659,1.1908,41463.0
01/05/2017,1.2589,1.3182,1.2328,1.3182,189150.0
01/06/2017,1.3330000000000002,1.3395,1.2819,1.3255,287331.0
01/09/2017,1.3242,1.4032,1.3242,1.3949,86788.0
01/10/2017,1.4089,1.4269999999999998,1.382,1.3872,216859.0
01/11/2017,1.4251,1.43,1.3785,1.3848,78133.0
01/12/2017,1.4015,1.4166,1.3597,1.3673,42082.0
01/13/2017,1.3657,1.382,1.3497,1.3595,79977.0
01/17/2017,1.3841,1.391,1.361,1.389,35134.0
01/18/2017,1.3788,1.3980000000000001,1.3409,1.35,71899.0
01/19/2017,1.3355,1.3849,1.3355,1.3849,92250.0
01/20/2017,1.3525,1.3924,1.3525,1.36,119313.0
01/23/2017,1.36,1.4,1.36,1.3754,121207.0
01/24/2017,1.402,1.41,1.3797,1.3863,28400.0
01/25/2017,1.3973,1.4416,1.3973,1.4409,80146.0
01/26/2017,1.439,1.44,1.3847,1.3863,20535.0
01/27/2017,1.399,1.4,1.3631,1.3896,34424.0
01/30/2017,1.3976,1.3976,1.3441,1.3762,55007.0
01/31/2017,1.3718,1.3718,1.3316,1.3411,25243.0
02/01/2017,1.3296,1.3798,1.3266,1.3798,12315.0
02/02/2017,1.3806,1.4017,1.3723,1.3866,38274.0
02/03/2017,1.368,1.3869999999999998,1.368,1.385,15644.0
02/06/2017,1.3727,1.386,1.3527,1.3799,27286.0
02/07/2017,1.3793,1.42,1.3624,1.371,31850.0
02/08/2017,1.4,1.48,1.36,1.4777,72379.0
02/09/2017,1.5003,1.7015,1.4755,1.6473,282644.0
02/10/2017,1.6469,1.69,1.5643,1.6088,132341.0
02/13/2017,1.6444,1.9229,1.6218,1.8854,158293.0
02/14/2017,1.8812,1.9465,1.8059,1.9465,262340.0
02/15/2017,1.849,1.952,1.7656,1.8437,205097.0
02/16/2017,1.8811,2.0112,1.8493,1.9834,94603.0
02/17/2017,1.99,2.1921,1.99,2.1606,146840.0
02/21/2017,2.21,2.416,2.21,2.416,135748.0
02/22/2017,2.521,2.576,2.194,2.369,169530.0
02/23/2017,2.3397,2.3397,0.2929,2.1414,125458.0
02/24/2017,2.0119,2.31,1.99,2.2968,85707.0
02/27/2017,2.303,2.3562,2.2358,2.3231,34392.0
02/28/2017,2.3541,2.3704,2.29,2.29,17143.0
03/01/2017,2.36,2.4045,2.306,2.3956,80006.0
03/02/2017,2.49,2.5391,2.461,2.52,41449.0
03/03/2017,2.5324,2.555,2.4901,2.523,36482.0
03/06/2017,2.596,2.596,2.408,2.456,18506.0
03/07/2017,2.404,2.404,2.158,2.158,105987.0
03/08/2017,2.062,2.198,1.8038,2.1817,254639.0
03/09/2017,2.1067,2.2765,2.0768,2.15,53629.0
03/10/2017,2.1967,2.1967,2.114,2.1141,99345.0
03/13/2017,2.0923,2.1297,2.0407,2.0635,27584.0
03/14/2017,2.116,2.1404,2.0403,2.102,38029.0
03/15/2017,2.084,2.1547,2.069,2.069,37876.0
03/16/2017,2.0949,2.2357,2.0949,2.2283,31665.0
03/17/2017,2.248,2.2483,2.13,2.1447,38498.0
03/20/2017,2.1478,2.18,2.0236,2.026,74907.0
03/21/2017,2.0396,2.101,1.944,1.9580000000000002,77059.0
03/22/2017,1.9498,1.99,1.7912,1.9259,107522.0
03/23/2017,1.975,2.065,1.9457,1.9457,54742.0
03/24/2017,1.9942,1.9942,1.9348,1.954,53300.0
03/27/2017,2.12,2.1941,2.0466,2.1941,108477.0
03/28/2017,2.278,2.3676,2.134,2.1927,84858.0
03/29/2017,2.1681,2.187,2.1157,2.1495,33507.0
03/30/2017,2.145,2.145,2.06,2.0777,63612.0
03/31/2017,2.093,2.1390000000000002,2.0731,2.0905,25998.0
04/03/2017,2.0989,2.11,2.05,2.0862,45342.0
04/04/2017,2.0947,2.1065,2.05,2.0873,44943.0
04/05/2017,2.1321,2.2533,2.1321,2.239,70104.0
04/06/2017,2.222,2.29,2.193,2.2644,51903.0
04/07/2017,2.2836,2.381,2.2836,2.3454,159307.0
04/10/2017,2.4130000000000003,2.659,2.4079,2.57,238871.0
04/11/2017,2.614,2.64,2.2969999999999997,2.3584,93846.0
04/12/2017,2.452,2.474,2.3,2.4674,62336.0
04/13/2017,2.504,2.5044,2.291,2.3449,88920.0
04/17/2017,2.2996,2.3419,2.19,2.241,128854.0
04/18/2017,2.1801,2.21,2.05,2.148,122241.0
04/19/2017,2.1397,2.3053,2.1336,2.3053,78547.0
04/20/2017,2.3183,2.338,2.197,2.2174,56756.0
04/21/2017,2.2075,2.209,2.1581,2.1816,25488.0
04/24/2017,2.164,2.2103,2.126,2.134,58975.0
04/25/2017,2.1,2.1069999999999998,1.9911,2.0259,78722.0
04/26/2017,2.0071,2.0636,1.8840000000000001,1.9409999999999998,103896.0
04/27/2017,1.909,1.909,1.79,1.88,410780.0
04/28/2017,1.8659999999999999,1.9806,1.8651,1.974,77366.0
05/01/2017,1.9669999999999999,2.05,1.9654,2.044,34761.0
05/02/2017,2.069,2.0916,1.92,1.9569999999999999,88492.0
05/03/2017,1.9938,1.9965,1.8996,1.9283,93756.0
05/04/2017,1.8843,1.8891,1.8197,1.864,25600.0
05/05/2017,1.8419999999999999,1.8778,1.7990000000000002,1.7990000000000002,45140.0
05/08/2017,1.801,1.923,1.7532,1.7916,87040.0
05/09/2017,1.775,1.775,1.608,1.7368,112289.0
05/10/2017,1.7,1.7036,1.595,1.66,71614.0
05/11/2017,1.6052,1.8006,1.5758,1.7930000000000001,65398.0
05/12/2017,1.784,1.784,1.665,1.7123,66945.0
05/15/2017,1.726,1.75,1.7186,1.7186,8451.0
05/16/2017,1.76,1.76,1.6908,1.733,27424.0
05/17/2017,1.7219,1.7307,1.6443,1.6714,32684.0
05/18/2017,1.6269999999999998,1.712,1.6269999999999998,1.6561,13748.0
05/19/2017,1.629,1.7269999999999999,1.629,1.6615,16842.0
05/23/2017,1.719,1.824,1.68,1.7712,129721.0
05/24/2017,1.808,1.8225,1.7334,1.7458,28105.0
05/25/2017,1.7841,1.7841,1.6914,1.704,39685.0
05/26/2017,1.706,1.7502,1.696,1.73,15565.0
05/30/2017,1.7590000000000001,1.771,1.7,1.749,39996.0
05/31/2017,1.71,1.7469999999999999,1.675,1.7219,53350.0
06/01/2017,1.685,1.685,1.6538,1.6604,18250.0
06/02/2017,1.6476,1.6671,1.5727,1.5799,29035.0
06/05/2017,1.5894,1.621,1.3948,1.4258,152869.0
06/06/2017,1.4,1.4212,1.2309999999999999,1.2662,142146.0
06/07/2017,1.1988,1.327,1.1864,1.276,108566.0
06/08/2017,1.286,1.3221,1.1974,1.3088,16026.0
06/09/2017,1.2737,1.344,1.258,1.3189,17230.0
06/12/2017,1.351,1.39,1.3108,1.3361,22095.0
06/13/2017,1.3692,1.3692,1.3165,1.3165,47884.0
06/14/2017,1.3466,1.3571,1.3091,1.3091,32396.0
06/15/2017,1.306,1.3268,1.2769,1.2769,69712.0
06/16/2017,1.2944,1.31,1.273,1.29,10550.0
06/19/2017,1.31,1.3144,1.1982,1.3117,111265.0
06/20/2017,1.2863,1.2930000000000001,1.2409999999999999,1.256,29024.0
06/21/2017,1.2705,1.2808,1.2483,1.25,6537.0
06/22/2017,1.2979,1.357,1.2979,1.335,19826.0
06/23/2017,1.3394,1.3394,1.3035,1.3035,8212.0
06/26/2017,1.306,1.3434,1.305,1.32,8736.0
06/27/2017,1.3359,1.3496,1.2831,1.3391,56231.0
06/28/2017,1.382,1.382,1.331,1.341,5432.0
06/29/2017,1.3311,1.3619999999999999,1.307,1.3505,25111.0
06/30/2017,1.3459999999999999,1.35,1.318,1.329,21650.0
07/05/2017,1.3017,1.4080000000000001,1.3,1.4080000000000001,49284.0
07/06/2017,1.4638,1.4715,1.383,1.383,18005.0
07/07/2017,1.3849,1.4409999999999998,1.3629,1.3949,28913.0
07/10/2017,1.4185,1.4491,1.3769999999999998,1.4025,29076.0
07/11/2017,1.43,1.4609999999999999,1.3942,1.419,33078.0
07/12/2017,1.426,1.6912,1.426,1.6912,50538.0
07/13/2017,1.6422,1.6877,1.555,1.6006,68729.0
07/14/2017,1.6030000000000002,1.7373,1.5859999999999999,1.7373,51705.0
07/17/2017,1.715,1.9,1.715,1.8626,149623.0
07/18/2017,1.89,1.9187,1.0,1.85,84556.0
07/19/2017,1.87,1.8873,1.55,1.82,33371.0
07/20/2017,1.7926,1.83,1.7419,1.7419,32293.0
07/21/2017,1.75,1.95,1.73,1.7519999999999998,15220.0
07/24/2017,1.77,1.9,1.7241,1.8071,8953.0
07/25/2017,1.78,1.8766,1.78,1.81,37549.0
07/26/2017,2.05,2.05,1.8058,1.8578,26486.0
07/27/2017,1.87,1.95,1.7441,1.79,32706.0
07/28/2017,1.79,1.829,1.7733,1.8030000000000002,12914.0
07/31/2017,1.82,1.9,1.796,1.7990000000000002,15172.0
08/01/2017,1.768,1.796,1.7573,1.76,8107.0
08/02/2017,1.17,1.7652,1.17,1.715,26771.0
08/03/2017,1.69,1.72,1.67,1.68,8156.0
08/04/2017,1.6,1.6965,1.6,1.69,6133.0
08/07/2017,1.77,2.2,1.68,1.77,15013.0
08/08/2017,1.73,1.754,1.7177,1.7180000000000002,8922.0
08/09/2017,1.68,1.7274,1.68,1.7055,20557.0
08/10/2017,1.7353,1.74,1.6621,1.6861,9865.0
08/11/2017,1.69,1.69,1.6,1.635,13953.0
08/14/2017,1.64,1.64,1.6,1.604,15800.0
08/15/2017,1.59,1.62,1.58,1.6189,22761.0
08/16/2017,1.6943,2.25,1.6848,1.8145,548850.0
08/17/2017,1.849,2.08,1.7719999999999998,1.7719999999999998,297931.0
08/18/2017,1.7998,1.97,1.665,1.81,175660.0
08/21/2017,1.8813,1.95,1.82,1.8462,97097.0
08/22/2017,1.95,1.953,1.8482,1.92,75723.0
08/23/2017,1.9409999999999998,1.97,1.8835,1.942,49842.0
08/24/2017,1.9509999999999998,1.98,1.83,1.8558,64929.0
08/25/2017,1.8581,1.88,1.8,1.8331,42759.0
08/28/2017,1.87,1.9,1.8295,1.858,56740.0
08/29/2017,1.8508,1.9217,1.829,1.8571,44905.0
08/30/2017,1.8,1.89,1.8,1.864,42669.0
08/31/2017,1.8731,1.9,1.83,1.87,52263.0
09/01/2017,1.8818,1.91,1.85,1.9006,43955.0
09/05/2017,1.975,1.975,1.8294,1.8787,57988.0
09/06/2017,1.9,1.9219,1.8593,1.86,59734.0
09/07/2017,1.8901,1.9,1.8339,1.86,54392.0
09/08/2017,1.86,1.96,1.8441,1.8465,132319.0
09/11/2017,1.8886,1.8886,1.82,1.8295,94118.0
09/12/2017,1.85,2.01,1.8488,1.9011,165594.0
09/13/2017,1.9236,1.95,1.87,1.8965,52339.0
09/14/2017,1.869,2.0,1.8633,1.95,62911.0
09/15/2017,1.95,2.005,1.95,1.9966,80284.0
09/18/2017,1.5,2.16,1.5,2.15,218468.0
09/19/2017,2.2035,2.35,2.144,2.1878,141287.0
09/20/2017,2.1625,2.23,2.0869999999999997,2.1473,59210.0
09/21/2017,2.173,2.2,2.0933,2.1281,100148.0
09/22/2017,2.1319999999999997,2.26,2.11,2.12,57720.0
09/25/2017,2.345,2.345,2.053,2.053,77674.0
09/26/2017,1.7,2.26,1.7,2.0905,75298.0
09/27/2017,2.09,2.15,2.05,2.0780000000000003,22761.0
09/28/2017,2.0725,2.26,2.0509,2.126,48359.0
09/29/2017,2.15,2.15,2.1,2.103,45118.0
10/02/2017,2.089,2.2,2.0873,2.13,63571.0
10/03/2017,2.065,2.2341,2.065,2.1951,60873.0
10/04/2017,2.205,2.258,2.165,2.258,107568.0
10/05/2017,2.2753,2.4423,2.25,2.3984,142789.0
10/06/2017,2.4523,2.47,2.2783,2.371,212474.0
10/09/2017,2.375,2.55,2.26,2.48,129880.0
10/10/2017,2.63,2.63,2.35,2.3548,74171.0
10/11/2017,2.09,2.48,2.09,2.4466,55719.0
10/12/2017,2.5145,2.569,2.4745,2.5356,123631.0
10/13/2017,2.65,2.65,2.56,2.6,437871.0
10/16/2017,2.6408,2.83,2.6379,2.7774,336107.0
10/17/2017,2.7344,2.84,2.3938,2.66,429234.0
10/18/2017,2.5616,2.81,2.52,2.7267,181884.0
10/19/2017,2.5605,2.78,2.4,2.4387,258059.0
10/20/2017,2.4278,2.605,2.4278,2.5,109957.0
10/23/2017,2.5629,2.6,2.51,2.52,86039.0
10/24/2017,2.71,2.71,2.487,2.4935,74158.0
10/25/2017,2.5037,2.6,2.412,2.4445,75915.0
10/26/2017,2.435,2.5,2.4242,2.469,44572.0
10/27/2017,2.4593,2.5,2.41,2.4502,64357.0
10/30/2017,2.5660000000000003,2.698,2.5,2.5380000000000003,183247.0
10/31/2017,2.52,2.57,2.49,2.53,95575.0
11/01/2017,2.54,2.576,2.4877,2.51,156124.0
11/02/2017,2.55,2.55,2.4281,2.4624,146577.0
11/03/2017,2.463,2.529,2.46,2.49,118847.0
11/06/2017,2.49,2.6158,2.46,2.6158,190172.0
11/07/2017,2.611,2.8,2.5725,2.6123,248074.0
11/08/2017,2.62,2.698,2.55,2.57,104976.0
11/09/2017,2.61,2.64,2.4921,2.5309,83854.0
11/10/2017,2.52,2.7145,2.52,2.7,151157.0
11/13/2017,2.842,3.0427,2.819,3.0309,429943.0
11/14/2017,3.18,3.35,2.8811,3.35,624339.0
11/15/2017,3.4456,3.515,3.1755,3.2833,381246.0
11/16/2017,3.26,3.3,2.9,3.0014,407597.0
11/17/2017,2.99,3.28,2.99,3.0829,250628.0
11/20/2017,3.174,3.31,3.15,3.2085,265460.0
11/21/2017,3.2555,3.34,3.11,3.1485,135273.0
11/22/2017,3.21,3.2664,3.12,3.196,125416.0
11/24/2017,3.1972,3.27,3.1956,3.23,149170.0
11/27/2017,3.33,3.55,3.3,3.48,568449.0
11/28/2017,3.5836,3.71,3.35,3.5646,462741.0
11/29/2017,3.58,3.82,3.0929,3.1319,557783.0
11/30/2017,3.13,3.3655,2.985,3.3063,339911.0
12/01/2017,3.4677,3.55,3.25,3.3092,215479.0
12/04/2017,3.377,3.52,3.1842,3.2492,282204.0
12/05/2017,3.3927,3.4,3.2,3.2853,301819.0
12/06/2017,3.3582,3.45,3.2,3.32,209972.0
12/07/2017,3.3098,3.44,3.3098,3.41,161579.0
12/08/2017,3.4201,3.52,3.3285,3.4885,237599.0
12/11/2017,3.5412,3.75,3.51,3.6,255575.0
12/12/2017,3.69,3.9516,3.609,3.92,516796.0
12/13/2017,3.98,4.1141,3.77,3.8566,397393.0
12/14/2017,3.8284,3.985,3.7,3.7196,235376.0
12/15/2017,3.905,3.96,3.6796,3.75,206115.0
12/18/2017,3.8560000000000003,4.0073,3.75,4.0073,305042.0
12/19/2017,3.92,4.1813,3.92,4.152,403934.0
12/20/2017,4.208,4.32,3.951,4.08,391115.0
12/21/2017,4.183,4.33,4.1,4.3,429139.0
12/22/2017,4.3074,4.6,4.26,4.5338,522429.0
12/26/2017,4.7,5.38,4.63,5.23,594582.0
12/27/2017,4.828,5.98,4.828,5.5381,913671.0
12/28/2017,5.8,7.218999999999999,5.68,7.0,1773632.0
12/29/2017,7.26,8.3012,6.0,7.7292,2088811.0
01/02/2018,7.7411,8.246,7.09,8.0564,1401112.0
01/03/2018,8.5,8.91,7.5896,8.5974,1503683.0
01/04/2018,8.7,8.7,7.2727,7.7489,1910612.0
01/05/2018,7.3414,8.5065,7.06,8.48,1189225.0
01/08/2018,9.04,11.0783,8.842,10.95,2104036.0
01/09/2018,10.8173,11.9,9.93,10.967,2045123.0
01/10/2018,11.15,11.222000000000001,10.3,10.65,618881.0
01/11/2018,10.095,10.3005,8.5115,8.89,1868669.0
01/12/2018,8.555,8.56,7.051,7.18,2385708.0
01/16/2018,8.2799,8.6627,7.87,8.2485,1669589.0
01/17/2018,8.42,8.57,8.03,8.3666,433628.0
01/18/2018,8.0273,8.32,7.89,8.1,339497.0
01/19/2018,8.005,8.2,7.724,7.96,609327.0
01/22/2018,8.01,8.9887,8.01,8.9199,903553.0
01/23/2018,9.21,9.59,8.8939,9.31,984981.0
01/24/2018,9.35,9.5183,8.63,8.7995,837499.0
01/25/2018,8.88,9.07,8.01,8.1953,740987.0
01/26/2018,7.955,8.25,7.73,8.184,693729.0
01/29/2018,8.392000000000001,8.4505,7.51,7.5358,696277.0
01/30/2018,7.25,7.47,6.5,6.819,1119703.0
01/31/2018,6.8260000000000005,8.0062,6.8071,7.353,697833.0
02/01/2018,7.3103,7.59,6.4827,6.5,788788.0
02/02/2018,6.25,6.41,5.3071,5.5128,1598639.0
02/05/2018,4.817,6.7615,4.75,5.9196,1712607.0
02/06/2018,6.13,7.6,5.99,7.5212,1196473.0
02/07/2018,7.99,8.3749,6.9,7.231,1106167.0
02/08/2018,7.235,7.7044,6.95,7.5442,400430.0
02/09/2018,7.51,7.64,6.97,7.34,592323.0
02/12/2018,7.58,7.619,7.2932,7.3686,363342.0
02/13/2018,7.455,7.54,7.15,7.44,293113.0
02/14/2018,7.5,8.0,7.2945,7.99,453683.0
02/15/2018,7.84,7.8839999999999995,7.5448,7.6837,336239.0
02/16/2018,7.4,7.5634,7.18,7.22,312640.0
02/20/2018,7.235,7.5406,7.14,7.4145,311868.0
02/21/2018,7.356,7.5,7.143,7.18,218727.0
02/22/2018,7.33,7.33,7.095,7.2023,186211.0
02/23/2018,7.2,7.21,6.81,7.0113,344594.0
02/26/2018,7.55,7.79,7.2751,7.7602,999385.0
02/27/2018,8.24,8.38,7.17,7.62,2801027.0
02/28/2018,7.75,9.17,7.3348,9.17,9875396.0
03/01/2018,9.18,10.05,8.52,9.69,11858755.0
03/02/2018,9.5,9.7,9.25,9.4,3325109.0
03/05/2018,9.67,10.25,9.46,9.77,6488174.0
03/06/2018,10.22,10.39,9.8,9.91,5337725.0
03/07/2018,9.83,9.94,9.55,9.81,3160328.0
03/08/2018,9.89,9.95,9.09,9.54,3232248.0
03/09/2018,9.71,9.759,9.26,9.32,2069704.0
03/12/2018,9.3,9.32,8.66,8.75,3338103.0
03/13/2018,8.9,9.0588,8.55,8.63,1962831.0
03/14/2018,8.62,8.63,8.251,8.4,1757345.0
03/15/2018,8.49,8.57,8.0,8.13,1950670.0
03/16/2018,8.17,8.17,7.81,7.82,2196069.0
03/19/2018,8.12,8.75,8.1,8.75,6653309.0
03/20/2018,9.08,9.08,8.09,8.19,3217516.0
03/21/2018,8.34,8.469,7.97,8.0,1624240.0
03/22/2018,7.47,7.55,7.3,7.39,3123769.0
03/23/2018,7.88,7.94,7.38,7.47,2062969.0
03/26/2018,7.55,7.65,7.38,7.46,1060165.0
03/27/2018,7.51,7.54,6.93,7.03,1530809.0
03/28/2018,6.96,7.04,6.3445,6.51,2223728.0
03/29/2018,6.54,6.97,6.45,6.73,1423012.0
04/02/2018,6.73,6.73,6.15,6.25,1853904.0
04/03/2018,6.31,6.48,5.6,5.6,2336468.0
04/04/2018,5.5,5.7,5.12,5.6,3688435.0
04/05/2018,5.96,6.0,5.64,5.9,2112045.0
04/06/2018,5.82,6.129,5.58,5.63,2145228.0
04/09/2018,5.7,5.8,5.5,5.57,1757953.0
04/10/2018,5.68,6.5499,5.26,6.37,3594675.0
04/11/2018,6.4,6.65,6.15,6.36,2035204.0
04/12/2018,6.4,6.74,6.38,6.68,1741514.0
04/13/2018,6.81,7.45,6.77,7.12,5360193.0
04/16/2018,7.5,7.8,7.2,7.73,4895438.0
04/17/2018,7.8,7.94,7.3,7.44,2667450.0
04/18/2018,7.44,7.52,7.17,7.33,1565077.0
04/19/2018,7.3,7.52,7.18,7.41,1809794.0
04/20/2018,7.52,7.66,7.25,7.37,2034962.0
04/23/2018,7.33,7.39,6.99,7.02,1874476.0
04/24/2018,7.0,7.29,6.78,7.0,1295672.0
04/25/2018,7.01,7.14,6.8,6.88,996025.0
04/26/2018,6.89,7.0399,6.6601,6.92,978952.0
04/27/2018,7.03,7.09,6.75,6.8,1135619.0
04/30/2018,7.0,7.13,6.87,6.91,1802504.0
05/01/2018,6.5,6.6,6.1,6.22,3128290.0
05/02/2018,6.12,6.1791,5.75,5.81,2924969.0
05/03/2018,5.83,6.04,5.79,5.87,1847320.0
05/04/2018,5.89,6.0,5.855,5.88,1343338.0
05/07/2018,5.88,5.97,5.58,5.67,2163610.0
05/08/2018,5.61,5.74,5.5,5.54,1410391.0
05/09/2018,5.68,5.74,5.5,5.52,1723300.0
05/10/2018,5.61,5.6399,5.52,5.6,944706.0
05/11/2018,5.69,6.25,5.64,6.12,3350610.0
05/14/2018,6.26,6.85,6.25,6.56,6234709.0
05/15/2018,6.69,6.75,6.06,6.27,4269708.0
05/16/2018,6.3,6.34,6.01,6.04,1835640.0
05/17/2018,6.04,6.14,5.76,5.8,2382995.0
05/18/2018,5.77,6.33,5.77,6.23,3616848.0
05/21/2018,6.29,6.68,6.26,6.57,3754377.0
05/22/2018,6.62,6.64,6.16,6.24,3414757.0
05/23/2018,6.24,6.3,6.15,6.21,1561668.0
05/24/2018,6.28,6.28,6.05,6.13,1609203.0
05/25/2018,6.13,6.178999999999999,5.9,6.01,1895025.0
05/29/2018,6.0,6.12,5.88,6.02,1572055.0
05/30/2018,6.05,6.41,5.95,6.38,2758070.0
05/31/2018,6.48,6.74,6.12,6.24,3243318.0
06/01/2018,6.29,6.84,6.21,6.84,3420372.0
06/04/2018,6.91,7.15,6.68,7.0,6192600.0
06/05/2018,7.06,7.15,6.751,6.99,4523111.0
06/06/2018,7.1,7.93,6.93,7.93,10186761.0
06/07/2018,8.06,8.15,7.41,7.66,8993866.0
06/08/2018,7.51,7.61,6.76,7.23,8499977.0
06/11/2018,7.23,7.32,6.95,6.96,3861468.0
06/12/2018,6.95,7.03,6.68,6.77,4475871.0
06/13/2018,6.7,7.18,6.62,7.12,3996834.0
06/14/2018,7.07,7.29,6.87,6.93,3434009.0
06/15/2018,6.84,7.0486,6.805,7.02,2307678.0
06/18/2018,6.98,6.98,6.7,6.78,2722203.0
06/19/2018,6.74,6.98,6.51,6.86,3766682.0
06/20/2018,7.2,7.399,6.87,7.22,7029862.0
06/21/2018,7.25,7.8534,7.25,7.67,8154221.0
06/22/2018,7.77,8.11,7.15,7.24,7541745.0
06/25/2018,7.3,7.3,6.87,6.9,4233431.0
06/26/2018,6.92,6.98,6.63,6.79,3740231.0
06/27/2018,6.65,6.77,6.09,6.18,5461149.0
06/28/2018,6.32,6.6,6.2001,6.42,2982303.0
06/29/2018,6.52,6.74,6.4,6.52,2744270.0
07/02/2018,6.62,7.0407,6.55,6.96,3169061.0
07/03/2018,6.98,6.98,6.65,6.78,1705073.0
07/05/2018,6.89,7.0,6.85,6.97,1673348.0
07/06/2018,6.97,6.98,6.76,6.96,1364187.0
07/09/2018,6.95,7.07,6.91,6.95,1902265.0
07/10/2018,6.98,7.19,6.91,6.98,2409518.0
07/11/2018,6.92,7.05,6.81,6.97,1363315.0
07/12/2018,7.05,7.12,6.98,7.05,1668854.0
07/13/2018,7.1,7.1,6.92,7.06,1577144.0
07/16/2018,7.1,7.1,6.66,6.73,2145091.0
07/17/2018,6.71,6.93,6.57,6.92,1694341.0
07/18/2018,6.95,6.98,6.75,6.78,1270935.0
07/19/2018,6.76,6.84,6.69,6.83,1175292.0
07/20/2018,6.79,6.84,6.51,6.54,2031508.0
07/23/2018,6.5,6.68,6.4,6.46,1930140.0
07/24/2018,6.54,6.54,6.1,6.27,2575760.0
07/25/2018,6.25,6.404,6.141,6.29,1411198.0
07/26/2018,6.25,6.2889,6.11,6.14,1578188.0
07/27/2018,6.18,6.3,6.13,6.23,1341082.0
07/30/2018,6.22,6.335,5.87,5.92,2347559.0
07/31/2018,5.83,6.17,5.64,6.05,2407536.0
08/01/2018,6.22,6.29,5.77,5.78,1754414.0
08/02/2018,5.78,6.06,5.78,6.02,1484646.0
08/03/2018,5.93,6.08,5.81,5.86,1432317.0
08/06/2018,5.88,6.04,5.87,5.88,1307521.0
08/07/2018,5.88,5.95,5.67,5.72,1875624.0
08/08/2018,5.65,5.85,5.64,5.77,1289265.0
08/09/2018,5.97,6.1,5.88,6.1,2104542.0
08/10/2018,6.08,6.1,5.91,5.96,1248866.0
08/13/2018,6.02,6.02,5.63,5.83,2175401.0
08/14/2018,5.92,5.95,5.61,5.65,2619867.0
08/15/2018,6.08,6.55,5.88,6.38,7531029.0
08/16/2018,6.34,6.64,6.17,6.32,3221264.0
08/17/2018,6.34,6.69,6.221,6.54,3043091.0
08/20/2018,6.71,7.67,6.626,7.32,13292937.0
08/21/2018,8.22,8.78,7.72,8.29,31970733.0
08/22/2018,8.09,8.449,7.62,8.16,14323962.0
08/23/2018,8.16,8.72,8.01,8.54,13458831.0
08/24/2018,8.91,10.1,8.86,9.94,36067526.0
08/27/2018,11.82,12.89,11.55,12.04,67986579.0
08/28/2018,11.69,12.16,10.36,11.08,43406625.0
08/29/2018,12.01,12.79,11.55,12.74,41523658.0
08/30/2018,12.09,12.15,8.82,9.12,81548157.0
08/31/2018,8.85,10.29,8.54,9.88,43594194.0
09/04/2018,10.9,11.41,10.61,11.15,45906604.0
09/05/2018,13.17,13.39,11.3,12.45,83070050.0
09/06/2018,11.9,12.0,10.9101,11.62,30731988.0
09/07/2018,11.45,12.44,11.2001,11.99,24086862.0
09/10/2018,12.35,12.46,11.86,12.1,21122891.0
09/11/2018,11.96,12.16,11.61,11.99,17828970.0
09/12/2018,11.8,12.03,10.77,11.27,21845825.0
09/13/2018,11.32,11.37,10.0,10.11,20753882.0
09/14/2018,9.36,10.82,9.26,10.38,20704789.0
09/17/2018,10.64,10.7,10.06,10.18,11247948.0
09/18/2018,10.58,12.1416,10.44,11.56,39679956.0
09/19/2018,12.97,15.3,11.6,12.69,129502113.0
09/20/2018,13.32,14.0,12.71,13.75,54639318.0
09/21/2018,13.27,13.48,12.28,12.51,24915844.0
09/24/2018,11.8,12.55,11.65,11.86,13661100.0
09/25/2018,12.2017,12.4,11.39,11.47,16341531.0
09/26/2018,11.5,11.6,10.82,11.13,14686521.0
09/27/2018,11.01,11.47,10.85,10.94,12005422.0
09/28/2018,10.88,11.4,10.86,11.12,10970450.0
10/01/2018,11.9,11.99,11.045,11.32,13351553.0
10/02/2018,11.15,11.32,10.65,10.72,9977591.0
10/03/2018,10.7,10.84,10.21,10.69,11372008.0
10/04/2018,10.62,10.6699,9.94,10.22,8406168.0
10/05/2018,10.22,10.42,9.4,9.77,9418198.0
10/08/2018,9.37,9.93,9.33,9.7,6234636.0
10/09/2018,9.56,9.6,9.32,9.34,5809533.0
10/10/2018,9.4,10.08,8.68,9.6,16072755.0
10/11/2018,9.41,9.51,8.94,9.05,7953097.0
10/12/2018,9.39,9.9,9.31,9.86,8508794.0
10/15/2018,10.41,11.75,10.05,11.74,26412418.0
10/16/2018,12.98,13.0,10.95,11.52,53570830.0
10/17/2018,10.75,11.2,10.12,10.65,18999506.0
10/18/2018,10.78,11.16,10.45,10.72,10604257.0
10/19/2018,10.93,11.32,9.61,9.71,17006664.0
10/22/2018,9.69,9.88,8.2301,8.52,14205845.0
10/23/2018,7.65,8.88,7.51,8.34,14152439.0
10/24/2018,8.61,8.74,7.62,7.63,7567359.0
10/25/2018,7.7,8.48,7.65,8.11,9625627.0
10/26/2018,7.88,8.22,7.7,7.78,8332196.0
10/29/2018,7.94,8.0399,6.6,6.8,11982715.0
10/30/2018,6.5,7.2629,6.5,7.05,7104572.0
10/31/2018,7.28,7.6285,7.1,7.42,8298680.0
11/01/2018,7.63,7.77,7.22,7.7,6241457.0
11/02/2018,7.77,8.075,7.58,8.06,6923884.0
11/05/2018,8.05,8.32,7.76,8.25,4725063.0
11/06/2018,8.25,9.58,8.15,9.05,17357042.0
11/07/2018,9.55,9.95,8.72,9.81,22898709.0
11/08/2018,9.5,9.58,8.82,8.94,9214991.0
11/09/2018,8.8,8.93,8.41,8.55,5777294.0
11/12/2018,8.75,8.84,7.99,8.45,8335840.0
11/13/2018,7.75,8.55,7.55,8.31,8481215.0
11/14/2018,8.0,8.23,7.52,8.12,6759517.0
11/15/2018,7.91,8.9099,7.87,8.59,8854556.0
11/16/2018,8.54,9.08,8.44,8.56,5829771.0
11/19/2018,8.66,8.66,8.02,8.24,4327405.0
11/20/2018,7.85,8.6738,7.7,8.2,6192093.0
11/21/2018,8.37,8.75,8.36,8.53,4122329.0
11/23/2018,8.54,8.86,8.41,8.81,2680766.0
11/26/2018,8.85,9.04,8.21,8.33,4924046.0
11/27/2018,8.2,8.5585,8.09,8.29,4093249.0
11/28/2018,8.32,8.7,8.3,8.7,4339840.0
11/29/2018,8.68,9.0,8.4,8.91,3900589.0
11/30/2018,8.88,9.22,8.63,9.15,5552175.0
12/03/2018,9.25,11.89,8.51,10.17,45161948.0
12/04/2018,10.97,11.2,10.38,10.74,26371035.0
12/06/2018,9.92,10.565,9.76,10.45,12016330.0
12/07/2018,13.57,13.95,12.36,12.72,55482148.0
12/10/2018,12.93,13.15,12.28,12.88,20064237.0
12/11/2018,12.95,13.06,12.55,12.82,11225515.0
12/12/2018,12.8,12.81,11.81,11.92,11365879.0
12/13/2018,11.85,11.99,11.06,11.38,9850920.0
12/14/2018,11.19,11.7362,11.07,11.28,6335403.0
12/17/2018,11.18,11.73,10.92,11.13,7125514.0
12/18/2018,11.28,11.72,11.09,11.54,6173884.0
12/19/2018,11.54,11.81,11.06,11.17,6066998.0
12/20/2018,11.2,11.5868,10.68,11.13,6238578.0
12/21/2018,11.3,11.39,10.0,10.21,6911638.0
12/24/2018,9.6,10.385,9.56,10.1,3454599.0
12/26/2018,10.25,10.4,9.86,10.18,3875254.0
12/27/2018,10.15,10.32,9.8505,10.32,3541206.0
12/28/2018,10.4,10.67,10.04,10.42,4141667.0
12/31/2018,10.61,10.7227,10.25,10.39,2837654.0
01/02/2019,10.25,11.44,10.25,11.31,6345323.0
01/03/2019,11.31,12.19,11.08,11.54,9190758.0
01/04/2019,11.88,12.0999,11.65,11.78,6284279.0
01/07/2019,11.88,12.42,11.7144,12.4,5250381.0
01/08/2019,12.57,12.72,12.16,12.36,6035089.0
01/09/2019,12.31,13.05,12.21,12.98,7436759.0
01/10/2019,12.93,13.54,12.59,13.06,9848046.0
01/11/2019,13.04,13.99,12.89,13.67,10385762.0
01/14/2019,13.65,14.15,13.5,13.76,9570581.0
01/15/2019,13.85,13.95,12.75,13.05,9462156.0
01/16/2019,13.16,13.49,12.9207,13.42,5305480.0
01/17/2019,13.34,13.91,13.13,13.66,5803461.0
01/18/2019,13.97,15.19,13.94,14.9,23020837.0
01/22/2019,15.2,16.07,14.81,15.07,21302821.0
01/23/2019,15.31,15.48,14.09,14.72,12729117.0
01/24/2019,14.43,15.75,14.42,15.7,12830490.0
01/25/2019,16.2,16.3,15.46,16.02,14670737.0
01/28/2019,16.01,18.55,15.73,18.48,35951792.0
01/29/2019,18.48,19.48,17.33,18.15,42470992.0
01/30/2019,18.14,19.2,17.6703,18.43,22137670.0
01/31/2019,18.65,20.35,18.38,19.68,29701695.0
02/01/2019,20.25,21.79,20.1,20.81,48676298.0
02/04/2019,21.82,25.1,21.3,23.25,67620336.0
02/05/2019,22.35,23.96,20.56,21.83,55485179.0
02/06/2019,20.8,21.6,19.31,19.65,32503892.0
02/07/2019,19.0,21.44,18.72,21.42,36940165.0
02/08/2019,21.62,22.05,19.43,19.55,30898104.0
02/11/2019,20.23,20.44,19.26,19.44,23051380.0
02/12/2019,19.0,20.59,18.86,19.67,24418623.0
02/13/2019,20.05,20.78,19.68,20.45,17285464.0
02/14/2019,20.3,20.96,20.19,20.82,13966324.0
02/15/2019,21.46,21.84,20.85,21.29,16070346.0
02/19/2019,21.1,21.98,21.04,21.61,12273068.0
02/20/2019,21.6,22.49,21.46,22.23,16279068.0
02/21/2019,22.34,22.9569,22.23,22.47,12479212.0
02/22/2019,22.83,22.96,21.14,21.92,18080750.0
02/25/2019,21.2,21.4,20.16,20.25,15437637.0
02/26/2019,19.82,21.91,19.5,21.64,17948105.0
02/27/2019,21.59,21.77,20.7,21.33,10527537.0
02/28/2019,21.44,22.23,21.1603,21.64,10281525.0
03/01/2019,22.02,22.27,21.51,21.71,7982446.0
03/04/2019,21.69,22.0,20.67,21.46,9932478.0
03/05/2019,21.14,23.94,21.02,23.7,20790448.0
03/06/2019,23.27,24.37,22.01,22.79,15848223.0
03/07/2019,22.35,23.1499,22.05,22.31,9212390.0
03/08/2019,21.54,22.17,21.090999999999998,21.74,8609903.0
03/11/2019,21.39,21.87,20.5676,20.92,11959629.0
03/12/2019,20.95,22.04,20.5265,21.37,9742462.0
03/13/2019,21.6,22.34,21.01,21.14,9828912.0
03/14/2019,21.14,21.41,20.36,20.82,7201759.0
03/15/2019,20.82,21.09,20.47,21.0,5623586.0
03/18/2019,21.0,21.75,20.99,21.69,6403077.0
03/19/2019,21.89,22.04,21.24,21.48,6276058.0
03/20/2019,21.38,21.88,21.03,21.26,5634856.0
03/21/2019,21.29,21.51,20.52,20.54,7140830.0
03/22/2019,20.49,20.59,19.22,19.23,10049131.0
03/25/2019,19.33,21.1,19.3,20.53,16209762.0
03/26/2019,19.65,20.74,19.3,20.24,15741928.0
03/27/2019,19.57,19.92,17.71,18.24,18418039.0
03/28/2019,17.75,19.28,17.24,18.84,13586874.0
03/29/2019,19.0,19.24,18.21,18.43,6708243.0
04/01/2019,18.6,18.68,18.07,18.61,5302188.0
04/02/2019,18.5,18.76,18.11,18.26,4585313.0
04/03/2019,18.07,18.62,17.88,18.16,4637142.0
04/04/2019,18.1,18.57,18.1,18.27,3243256.0
04/05/2019,18.38,18.53,18.15,18.4,3131585.0
04/08/2019,18.35,18.42,17.48,17.56,6756083.0
04/09/2019,17.42,17.9313,17.31,17.7,4211010.0
04/10/2019,17.48,18.1385,17.47,18.02,3455185.0
04/11/2019,17.97,18.04,16.6,16.85,8458473.0
04/12/2019,17.0,17.65,16.83,17.04,6490843.0
04/15/2019,16.74,17.12,15.47,15.78,9608360.0
04/16/2019,15.72,16.39,15.7,15.79,7022895.0
04/17/2019,15.56,16.11,15.53,15.92,6146824.0
04/18/2019,16.6,17.12,15.6507,15.75,8986088.0
04/22/2019,15.7,17.0,15.55,16.86,7373338.0
04/23/2019,16.85,16.9,16.05,16.28,6468841.0
04/24/2019,16.24,17.17,16.14,16.59,5852921.0
04/25/2019,16.6,16.79,16.28,16.52,3729502.0
04/26/2019,16.41,17.4,16.3505,17.16,5950888.0
04/29/2019,17.17,17.45,16.66,17.01,5500233.0
04/30/2019,17.02,17.67,16.84,17.16,5408641.0
05/01/2019,17.34,17.37,16.81,17.06,3982203.0
05/02/2019,16.95,17.044,16.18,16.68,4430125.0
05/03/2019,16.73,16.93,16.44,16.57,3386070.0
05/06/2019,16.07,16.38,15.82,16.34,3875372.0
05/07/2019,16.08,16.37,15.26,15.44,4613874.0
05/08/2019,15.3,15.83,15.07,15.46,4855282.0
05/09/2019,15.76,15.9,13.9,14.09,10025910.0
05/10/2019,14.19,15.4,14.15,15.4,10430853.0
05/13/2019,15.17,15.35,14.05,14.25,6082264.0
05/14/2019,14.57,15.6,14.57,15.24,6442360.0
05/15/2019,15.23,15.33,14.72,15.15,4125753.0
05/16/2019,15.25,15.43,15.07,15.18,3233719.0
05/17/2019,14.99,15.35,14.7937,14.93,3197089.0
05/20/2019,14.88,14.98,14.4493,14.75,1859244.0
05/21/2019,14.85,15.67,14.85,15.6,4667136.0
05/22/2019,15.66,16.55,15.4,16.13,5779030.0
05/23/2019,15.88,16.11,15.17,15.37,4260822.0
05/24/2019,15.49,16.03,15.33,15.38,3621656.0
05/28/2019,15.77,16.17,15.5065,15.65,4206091.0
05/29/2019,15.6,15.7,14.9,15.24,3866682.0
05/30/2019,15.3,15.66,14.82,14.9,3324634.0
05/31/2019,14.71,14.85,13.9,14.08,5719338.0
06/03/2019,13.94,14.35,13.51,13.58,4273861.0
06/04/2019,13.74,14.45,13.6492,14.42,4066310.0
06/05/2019,15.97,16.7,15.23,15.99,17770190.0
06/06/2019,16.0,16.22,15.31,15.77,5726306.0
06/07/2019,15.82,16.27,15.75,15.94,4449693.0
06/10/2019,16.31,17.55,16.25,17.39,9728882.0
06/11/2019,17.73,17.86,16.58,16.97,5717279.0
06/12/2019,16.84,17.33,16.69,17.1,3462231.0
06/13/2019,17.18,17.46,16.17,16.36,5658373.0
06/14/2019,16.16,16.2,15.36,15.44,5706018.0
06/17/2019,15.44,15.97,15.02,15.85,4348719.0
06/18/2019,15.98,16.1,15.53,15.71,3576926.0
06/19/2019,15.71,16.17,15.62,15.85,3791691.0
06/20/2019,16.17,16.9,16.1,16.43,7136110.0
06/21/2019,15.91,16.075,15.25,15.94,6639255.0
06/24/2019,15.93,16.12,15.37,16.09,3989708.0
06/25/2019,16.06,16.12,15.61,15.79,3017876.0
06/26/2019,15.82,16.01,15.645,15.87,2033977.0
06/27/2019,15.9,16.45,15.83,15.97,4453524.0
06/28/2019,16.1,16.3514,15.82,15.98,3131240.0
07/01/2019,16.25,16.34,15.6,16.02,3332788.0
07/02/2019,16.03,16.03,15.4,15.51,3419685.0
07/03/2019,15.48,15.54,14.83,15.24,3951416.0
07/05/2019,15.15,15.35,14.9635,15.29,2010719.0
07/08/2019,15.17,15.2,14.92,15.1,2566721.0
07/09/2019,14.98,15.67,14.88,15.53,2886273.0
07/10/2019,15.56,15.74,15.28,15.29,2005253.0
07/11/2019,15.46,15.85,15.025,15.15,3925424.0
07/12/2019,15.15,15.16,14.1,14.24,8861229.0
07/15/2019,14.22,14.95,13.91,14.88,4573131.0
07/16/2019,14.8,15.18,14.6,14.94,3213436.0
07/17/2019,14.97,15.26,14.9,14.99,2793089.0
07/18/2019,14.98,15.01,14.63,14.96,1937476.0
07/19/2019,14.97,15.33,14.86,14.97,3626853.0
07/22/2019,14.98,14.99,14.47,14.69,3211877.0
07/23/2019,14.7,15.43,14.55,15.37,3908986.0
07/24/2019,15.26,15.69,15.07,15.43,3227866.0
07/25/2019,15.45,15.63,14.95,14.97,2128662.0
07/26/2019,15.07,15.1184,14.68,14.9,2133711.0
07/29/2019,15.01,15.01,14.0,14.25,4496023.0
07/30/2019,14.0,14.2084,13.55,13.92,4054946.0
07/31/2019,13.87,14.08,13.67,13.81,2511583.0
08/01/2019,13.75,13.81,12.7,12.73,7242062.0
08/02/2019,13.29,13.89,13.05,13.84,7105957.0
08/05/2019,13.66,13.76,13.01,13.42,4401264.0
08/06/2019,13.73,14.21,13.42,13.81,3950981.0
08/07/2019,13.97,14.51,13.46,14.43,6571399.0
08/08/2019,15.51,15.58,13.67,13.89,13382486.0
08/09/2019,13.86,14.35,13.25,13.36,5250089.0
08/12/2019,13.16,13.26,12.79,13.25,4108314.0
08/13/2019,13.42,14.03,13.29,13.92,5058080.0
08/14/2019,13.5,13.69,13.0721,13.27,4102457.0
08/15/2019,12.87,12.87,12.1,12.17,6495085.0
08/16/2019,12.29,12.55,12.11,12.11,3669837.0
08/19/2019,12.29,12.32,11.7,11.86,4278133.0
08/20/2019,11.87,12.15,11.72,11.75,3011560.0
08/21/2019,11.85,12.25,11.71,12.0,3527946.0
08/22/2019,12.0,12.08,11.52,11.58,2633642.0
08/23/2019,11.49,11.99,11.355,11.4,3487020.0
08/26/2019,11.4,11.7484,11.01,11.54,3910076.0
08/27/2019,11.67,11.85,10.93,11.02,3582495.0
08/28/2019,10.92,11.2401,10.58,11.14,3564468.0
08/29/2019,11.25,11.35,11.02,11.06,1847084.0
08/30/2019,11.07,11.28,10.95,11.02,1605212.0
09/03/2019,10.77,11.4,10.71,11.3,3593245.0
09/04/2019,11.31,11.4,10.84,11.04,3267246.0
09/05/2019,11.21,11.72,11.11,11.58,3701337.0
09/06/2019,11.6,12.41,11.47,11.93,7283512.0
09/09/2019,12.11,12.15,11.1681,11.31,5077850.0
09/10/2019,11.21,11.81,11.05,11.73,4094365.0
09/11/2019,11.72,11.75,11.1656,11.54,3318067.0
09/12/2019,11.31,11.63,11.28,11.38,2096025.0
09/13/2019,11.37,11.62,11.34,11.53,2048192.0
09/16/2019,11.51,11.77,11.36,11.45,2253196.0
09/17/2019,11.44,11.5665,11.13,11.15,1916281.0
09/18/2019,11.14,11.27,10.78,10.96,3995428.0
09/19/2019,10.89,10.96,10.22,10.23,5372544.0
09/20/2019,10.25,10.47,10.04,10.29,3144604.0
09/23/2019,10.15,10.46,10.09,10.25,1838062.0
09/24/2019,10.18,10.2,9.34,9.365,5228758.0
09/25/2019,9.38,9.61,8.93,9.57,4182469.0
09/26/2019,9.91,9.97,9.25,9.36,3242671.0
09/27/2019,9.2,9.55,9.06,9.145,2913871.0
09/30/2019,9.11,9.215,8.84,9.05,3940240.0
10/01/2019,8.98,9.31,8.86,8.96,4061127.0
10/02/2019,8.81,9.16,8.3966,8.895,4571154.0
10/03/2019,8.86,9.31,8.8329,9.3,3755340.0
10/04/2019,9.33,9.44,8.88,9.015,2761179.0
10/07/2019,8.98,9.06,8.7486,8.87,2024781.0
10/08/2019,8.7,8.85,8.53,8.55,4602530.0
10/09/2019,8.54,8.7639,8.45,8.57,2928309.0
10/10/2019,8.29,8.575,7.8886,7.95,6824290.0
10/11/2019,7.87,8.15,7.7,7.845,5629097.0
10/14/2019,7.76,7.95,7.4,7.865,3980754.0
10/15/2019,8.0,8.46,7.91,8.32,5435523.0
10/16/2019,8.33,8.56,7.82,8.4,11973165.0
10/17/2019,10.52,10.56,8.33,8.86,40962423.0
10/18/2019,9.14,9.1409,8.275,8.32,12864546.0
10/21/2019,8.26,8.64,8.06,8.51,6221783.0
10/22/2019,8.44,8.55,8.25,8.3,3985068.0
10/23/2019,8.31,8.79,8.23,8.77,4810109.0
10/24/2019,8.75,9.37,8.6,9.1,13324297.0
10/25/2019,9.01,9.19,8.885,8.96,5591382.0
10/28/2019,8.97,9.12,8.72,8.75,5892587.0
10/29/2019,8.67,8.7393,8.3,8.37,4483887.0
10/30/2019,8.35,8.5481,8.23,8.3,2676263.0
10/31/2019,8.26,8.29,7.93,8.21,4579171.0
11/01/2019,8.17,8.38,8.1,8.22,3021954.0
11/04/2019,8.2,8.3,8.075,8.08,4312321.0
11/05/2019,8.12,8.43,8.08,8.23,3596968.0
11/06/2019,8.31,8.48,8.165,8.33,3645152.0
11/07/2019,8.4,8.52,7.86,7.93,6158625.0
11/08/2019,7.95,8.6,7.86,8.52,7920348.0
11/11/2019,8.5,8.67,7.9,8.08,10163756.0
11/12/2019,8.05,8.5,7.6,7.83,11799127.0
11/13/2019,7.8,7.8,7.18,7.26,11451275.0
11/14/2019,6.96,7.07,6.65,6.82,10261988.0
11/15/2019,6.62,6.79,6.15,6.28,17375331.0
11/18/2019,6.28,6.36,6.04,6.14,8211294.0
11/19/2019,6.1,7.0,6.09,6.7,17279132.0
11/20/2019,6.71,7.08,6.58,6.87,17881521.0
11/21/2019,7.24,8.05,6.98,7.62,24566836.0
11/22/2019,7.44,7.4739,6.85,7.065,11597081.0
11/25/2019,7.09,7.2973,6.85,6.9,6190388.0
11/26/2019,6.8,6.99,6.61,6.74,7661569.0
11/27/2019,6.8,6.9601,6.73,6.86,5202874.0
11/29/2019,6.9,6.94,6.76,6.85,2919398.0
12/02/2019,6.82,6.845,6.43,6.5,5618581.0
12/03/2019,6.37,6.9,6.37,6.88,6336846.0
12/04/2019,7.0,7.0,6.56,6.58,4852706.0
12/05/2019,6.59,6.7266,6.55,6.65,4332747.0
12/06/2019,6.64,6.75,6.61,6.71,2560123.0
12/09/2019,6.76,7.1,6.75,6.96,6165845.0
12/10/2019,6.95,7.07,6.77,6.83,4814843.0
12/11/2019,6.87,7.02,6.8,6.82,4447367.0
12/12/2019,6.84,7.33,6.81,7.3,7502984.0
12/13/2019,7.33,7.57,7.16,7.28,6414141.0
12/16/2019,7.24,7.3,7.08,7.11,4736604.0
12/17/2019,7.15,7.19,6.95,6.96,4485270.0
12/18/2019,7.0,7.03,6.65,6.67,6857936.0
12/19/2019,6.67,6.96,6.56,6.92,5028551.0
12/20/2019,6.97,7.08,6.84,7.0,3963633.0
12/23/2019,6.95,7.06,6.87,7.04,4874659.0
12/24/2019,7.05,7.15,6.85,7.14,4412818.0
12/26/2019,7.12,7.15,6.81,6.82,6202227.0
12/27/2019,6.88,6.98,6.755,6.88,4525393.0
12/30/2019,6.86,6.9175,6.6,6.62,6875523.0
12/31/2019,6.63,7.8687,6.58,7.67,19809160.0
01/02/2020,7.92,7.96,7.23,7.36,12664151.0
01/03/2020,7.21,7.55,7.04,7.13,7837542.0
01/06/2020,7.12,7.22,6.75,6.79,9868418.0
01/07/2020,6.82,6.9508,6.62,6.66,9905678.0
01/08/2020,6.64,6.8864,6.38,6.64,12671961.0
01/09/2020,6.66,7.16,6.58,7.05,12614468.0
01/10/2020,6.99,7.0,6.71,6.79,12228408.0
01/13/2020,6.8,7.6,6.63,7.51,17939935.0
01/14/2020,7.33,7.93,7.05,7.89,20633055.0
01/15/2020,7.95,8.82,7.68,8.34,27168355.0
01/16/2020,8.49,8.74,8.01,8.13,15042850.0
01/17/2020,8.19,8.7,8.0,8.55,14495018.0
01/21/2020,8.72,9.0,8.08,8.17,16157366.0
01/22/2020,8.26,8.68,8.17,8.34,12806601.0
01/23/2020,8.27,8.57,8.13,8.35,9507831.0
01/24/2020,8.5,8.54,7.51,7.58,16619483.0
01/27/2020,7.19,7.66,7.15,7.25,8123553.0
01/28/2020,7.46,7.71,7.27,7.71,8715745.0
01/29/2020,7.8,7.85,7.5,7.53,6411465.0
01/30/2020,7.44,7.6,7.26,7.44,5863661.0
01/31/2020,7.4,7.4136,7.02,7.18,6826145.0
02/03/2020,7.18,7.3,7.05,7.13,6504125.0
02/04/2020,7.2,7.64,7.18,7.425,6608938.0
02/05/2020,7.5,7.56,7.18,7.27,4753909.0
02/06/2020,7.27,7.38,7.0,7.01,6018338.0
02/07/2020,6.84,7.0501,6.72,6.88,7175033.0